{"type":"object","properties":{"bashIde.shfmt.path":{"type":"string","default":"shfmt","description":"Controls the executable used for Shfmt formatting. An empty string will disable formatting."},"bashIde.shfmt.ignoreEditorconfig":{"type":"boolean","default":false,"description":"Ignore shfmt config options in .editorconfig (always use language server config)"},"bashIde.shfmt.languageDialect":{"type":"string","description":"Language dialect to use when parsing (bash\/posix\/mksh\/bats).","default":"auto","enum":["auto","bash","posix","mksh","bats"]},"bashIde.shfmt.binaryNextLine":{"type":"boolean","default":false,"description":"Allow boolean operators (like && and ||) to start a line."},"bashIde.shfmt.caseIndent":{"type":"boolean","default":false,"description":"Indent patterns in case statements."},"bashIde.shfmt.funcNextLine":{"type":"boolean","default":false,"description":"Place function opening braces on a separate line."},"bashIde.shfmt.keepPadding":{"type":"boolean","markdownDescription":"**([Deprecated](https:\/\/github.com\/mvdan\/sh\/issues\/658))** Keep column alignment padding.","default":false,"description":"(Deprecated) Keep column alignment padding."},"bashIde.enableSourceErrorDiagnostics":{"type":"boolean","default":false,"description":"Enable diagnostics for source errors. Ignored if includeAllWorkspaceSymbols is true."},"bashIde.shfmt.simplifyCode":{"type":"boolean","default":false,"description":"Simplify code before formatting."},"bashIde.explainshellEndpoint":{"type":"string","default":"","description":"Configure explainshell server endpoint in order to get hover documentation on flags and options."},"bashIde.shfmt.spaceRedirects":{"type":"boolean","default":false,"description":"Follow redirection operators with a space."},"bashIde.globPattern":{"type":"string","default":"**\/*@(.sh|.inc|.bash|.command)","description":"Glob pattern for finding and parsing shell script files in the workspace. Used by the background analysis features across files."},"bashIde.includeAllWorkspaceSymbols":{"type":"boolean","default":false,"description":"Controls how symbols (e.g. variables and functions) are included and used for completion, documentation, and renaming. If false (default and recommended), then we only include symbols from sourced files (i.e. using non dynamic statements like 'source file.sh' or '. file.sh' or following ShellCheck directives). If true, then all symbols from the workspace are included."},"bashIde.logLevel":{"type":"string","description":"Controls the log level of the language server.","default":"info","enum":["debug","info","warning","error"]},"bashIde.shellcheckPath":{"type":"string","default":"shellcheck","description":"Controls the executable used for ShellCheck linting information. An empty string will disable linting."},"bashIde.shellcheckArguments":{"type":"string","default":"","description":"Additional ShellCheck arguments. Note that we already add the following arguments: --shell, --format, --external-sources."},"bashIde.backgroundAnalysisMaxFiles":{"type":"number","minimum":0,"default":500,"description":"Maximum number of files to analyze in the background. Set to 0 to disable background analysis."}},"title":"Bash IDE configuration"}