{"title":"Tailwind CSS IntelliSense","properties":{"tailwindCSS.hovers":{"type":"boolean","default":true,"markdownDescription":"Enable hovers.","scope":"language-overridable"},"tailwindCSS.codeActions":{"type":"boolean","default":true,"markdownDescription":"Enable code actions.","scope":"language-overridable"},"tailwindCSS.colorDecorators":{"type":"boolean","default":true,"markdownDescription":"Controls whether the editor should render inline color decorators for Tailwind CSS classes and helper functions.","scope":"language-overridable"},"tailwindCSS.validate":{"type":"boolean","default":true,"markdownDescription":"Enable linting. Rules can be configured individually using the `tailwindcss.lint.*` settings","scope":"language-overridable"},"tailwindCSS.lint.cssConflict":{"markdownDescription":"Class names on the same HTML element which apply the same CSS property or properties","scope":"language-overridable","type":"string","enum":["ignore","warning","error"],"default":"warning"},"tailwindCSS.lint.invalidApply":{"markdownDescription":"Unsupported use of the [`@apply` directive](https:\/\/tailwindcss.com\/docs\/functions-and-directives\/#apply)","scope":"language-overridable","type":"string","enum":["ignore","warning","error"],"default":"error"},"tailwindCSS.lint.invalidScreen":{"markdownDescription":"Unknown screen name used with the [`@screen` directive](https:\/\/tailwindcss.com\/docs\/functions-and-directives\/#screen)","scope":"language-overridable","type":"string","enum":["ignore","warning","error"],"default":"error"},"tailwindCSS.lint.invalidVariant":{"markdownDescription":"Unknown variant name used with the [`@variants` directive](https:\/\/tailwindcss.com\/docs\/functions-and-directives\/#variants)","scope":"language-overridable","type":"string","enum":["ignore","warning","error"],"default":"error"},"tailwindCSS.emmetCompletions":{"type":"boolean","markdownDescription":"Enable class name completions when using Emmet-style syntax, for example `div.bg-red-500.uppercase`","default":false},"tailwindCSS.lint.invalidConfigPath":{"markdownDescription":"Unknown or invalid path used with the [`theme` helper](https:\/\/tailwindcss.com\/docs\/functions-and-directives\/#theme)","scope":"language-overridable","type":"string","enum":["ignore","warning","error"],"default":"error"},"tailwindCSS.lint.invalidTailwindDirective":{"markdownDescription":"Unknown value used with the [`@tailwind` directive](https:\/\/tailwindcss.com\/docs\/functions-and-directives\/#tailwind)","scope":"language-overridable","type":"string","enum":["ignore","warning","error"],"default":"error"},"tailwindCSS.lint.recommendedVariantOrder":{"markdownDescription":"Class variants not in the recommended order (applies in [JIT mode](https:\/\/tailwindcss.com\/docs\/just-in-time-mode) only)","scope":"language-overridable","type":"string","enum":["ignore","warning","error"],"default":"warning"},"tailwindCSS.files.exclude":{"type":"array","markdownDescription":"Configure glob patterns to exclude from all IntelliSense features. Inherits all glob patterns from the `#files.exclude#` setting.","default":["**\/.git\/**","**\/node_modules\/**","**\/.hg\/**","**\/.svn\/**"],"items":{"type":"string"}},"tailwindCSS.experimental.classRegex":{"type":"array","scope":"language-overridable"},"tailwindCSS.experimental.configFile":{"type":["null","string","object"],"markdownDescription":"Manually specify the Tailwind config file or files that should be read to provide IntelliSense features. Can either be a single string value, or an object where each key is a config file path and each value is a glob or array of globs representing the set of files that the config file applies to.","default":null},"tailwindcss-intellisense.trace.server":{"scope":"window","type":"string","default":"off","enum":["off","messages","verbose"],"description":"Traces the communication between VS Code and the Tailwind CSS Language Server."},"tailwindCSS.showPixelEquivalents":{"type":"boolean","markdownDescription":"Show `px` equivalents for `rem` CSS values.","default":true},"tailwindCSS.classAttributes":{"type":"array","markdownDescription":"The HTML attributes for which to provide class completions, hover previews, linting etc.","default":["class","className","ngClass","class:list"],"items":{"type":"string"}},"tailwindCSS.rootFontSize":{"type":"number","markdownDescription":"Root font size in pixels. Used to convert `rem` CSS values to their `px` equivalents. See `#tailwindCSS.showPixelEquivalents#`.","default":16},"tailwindCSS.suggestions":{"type":"boolean","default":true,"markdownDescription":"Enable autocomplete suggestions.","scope":"language-overridable"},"tailwindCSS.inspectPort":{"type":["number","null"],"markdownDescription":"Enable the Node.js inspector agent for the language server and listen on the specified port.","default":null},"tailwindCSS.includeLanguages":{"type":"object","markdownDescription":"Enable features in languages that are not supported by default. Add a mapping here between the new language and an already supported language.\n E.g.: `{\"plaintext\": \"html\"}`","default":{},"additionalProperties":{"type":"string"}}}}