{"properties":{"python.analysis.autoImportCompletions":{"default":true,"scope":"resource","type":"boolean","description":"Offer auto-import completions."},"python.analysis.autoSearchPaths":{"default":true,"scope":"resource","type":"boolean","description":"Automatically add common search paths like 'src'?"},"python.analysis.extraPaths":{"items":{"type":"string"},"default":[],"scope":"resource","type":"array","description":"Additional import search resolution paths"},"python.analysis.stubPath":{"default":"typings","scope":"resource","type":"string","description":"Path to directory containing custom type stub files."},"python.analysis.diagnosticMode":{"enumDescriptions":["Analyzes and reports errors on only open files.","Analyzes and reports errors on all files in the workspace."],"default":"openFilesOnly","scope":"resource","type":"string","enum":["openFilesOnly","workspace"]},"python.analysis.include":{"items":{"type":"string"},"default":[],"scope":"resource","type":"array","description":"Paths of directories or files that should be included. If no paths are specified, pyright defaults to the workspace root directory. Paths may contain wildcard characters ** (a directory or multiple levels of directories), * (a sequence of zero or more characters), or ? (a single character)."},"python.analysis.logLevel":{"default":"Information","description":"Specifies the level of logging for the Output panel","type":"string","enum":["Error","Warning","Information","Trace"]},"python.analysis.exclude":{"items":{"type":"string"},"default":[],"scope":"resource","type":"array","description":"Paths of directories or files that should not be included. These override the include directories, allowing specific subdirectories to be excluded. Note that files in the exclude paths may still be included in the analysis if they are referenced (imported) by source files that are not excluded. Paths may contain wildcard characters ** (a directory or multiple levels of directories), * (a sequence of zero or more characters), or ? (a single character). If no exclude paths are specified, pyright automatically excludes the following: `**\/node_modules`, `**\/__pycache__`, `.git` and any virtual environment directories."},"python.analysis.typeCheckingMode":{"description":"Defines the default rule set for type checking.","default":"standard","scope":"resource","type":"string","enum":["off","basic","standard","strict"]},"python.analysis.ignore":{"items":{"type":"string"},"default":[],"scope":"resource","type":"array","description":"Paths of directories or files whose diagnostic output (errors and warnings) should be suppressed even if they are an included file or within the transitive closure of an included file. Paths may contain wildcard characters ** (a directory or multiple levels of directories), * (a sequence of zero or more characters), or ? (a single character). If no value is provided, the value of python.linting.ignorePatterns (if set) will be used."},"python.analysis.typeshedPaths":{"items":{"type":"string"},"default":[],"scope":"resource","type":"array","description":"Paths to look for typeshed modules."},"python.analysis.diagnosticSeverityOverrides":{"description":"Allows a user to override the severity levels for individual diagnostics. Use the rule name as a key and one of \"error\", \"warning\", \"information\", \"none\", `true` (alias for \"error\") or `false` (alias for \"none\") as value. The default value shown for each diagnostic is the default when \"python.analysis.typeCheckingMode\" is set to \"standard\". See [here](https:\/\/github.com\/microsoft\/pyright\/blob\/main\/docs\/configuration.md#diagnostic-rule-defaults) for defaults for each type checking mode (\"off\", \"basic\", \"standard\", and \"strict\").","scope":"resource","type":"object","properties":{"reportInvalidTypeForm":{"description":"Diagnostics for type expression that uses an invalid form.","default":"error","type":["string","boolean"],"enum":["none","information","warning","error",true,false]},"reportUnusedCoroutine":{"description":"Diagnostics for call expressions that return a Coroutine and whose results are not consumed.","default":"error","type":["string","boolean"],"enum":["none","information","warning","error",true,false]},"reportMissingTypeStubs":{"description":"Diagnostics for imports that have no corresponding type stub file (either a typeshed file or a custom type stub). The type checker requires type stubs to do its best job at analysis.","default":"none","type":["string","boolean"],"enum":["none","information","warning","error",true,false]},"reportUnusedExcept":{"description":"Diagnostics for unreachable except clause.","default":"error","type":["string","boolean"],"enum":["none","information","warning","error",true,false]},"reportImportCycles":{"description":"Diagnostics for cyclical import chains. These are not errors in Python, but they do slow down type analysis and often hint at architectural layering issues. Generally, they should be avoided.","default":"none","type":["string","boolean"],"enum":["none","information","warning","error",true,false]},"reportUnusedExpression":{"description":"Diagnostics for simple expressions whose value is not used in any way.","default":"warning","type":["string","boolean"],"enum":["none","information","warning","error",true,false]},"reportUnusedImport":{"description":"Diagnostics for an imported symbol that is not referenced within that file.","default":"none","type":["string","boolean"],"enum":["none","information","warning","error",true,false]},"reportUnnecessaryTypeIgnoreComment":{"description":"Diagnostics for '# type: ignore' comments that have no effect.","default":"none","type":["string","boolean"],"enum":["none","information","warning","error",true,false]},"reportUnusedClass":{"description":"Diagnostics for a class with a private name (starting with an underscore) that is not accessed.","default":"none","type":["string","boolean"],"enum":["none","information","warning","error",true,false]},"reportMatchNotExhaustive":{"description":"Diagnostics for 'match' statements that do not exhaustively match all possible values.","default":"none","type":["string","boolean"],"enum":["none","information","warning","error",true,false]},"reportUnusedFunction":{"description":"Diagnostics for a function or method with a private name (starting with an underscore) that is not accessed.","default":"none","type":["string","boolean"],"enum":["none","information","warning","error",true,false]},"reportShadowedImports":{"description":"Diagnostics for files that are overriding a module in the stdlib.","default":"none","type":["string","boolean"],"enum":["none","information","warning","error",true,false]},"reportUnusedVariable":{"description":"Diagnostics for a variable that is not accessed.","default":"none","type":["string","boolean"],"enum":["none","information","warning","error",true,false]},"reportImplicitOverride":{"description":"Diagnostics for overridden methods that do not include an `@override` decorator.","default":"none","type":["string","boolean"],"enum":["none","information","warning","error",true,false]},"reportDuplicateImport":{"description":"Diagnostics for an imported symbol or module that is imported more than once.","default":"none","type":["string","boolean"],"enum":["none","information","warning","error",true,false]},"reportWildcardImportFromLibrary":{"description":"Diagnostics for an wildcard import from an external library.","default":"warning","type":["string","boolean"],"enum":["none","information","warning","error",true,false]},"reportAbstractUsage":{"description":"Diagnostics for an attempt to instantiate an abstract or protocol class or use an abstract method.","default":"error","type":["string","boolean"],"enum":["none","information","warning","error",true,false]},"reportArgumentType":{"description":"Diagnostics for a type incompatibility for an argument to a call.","default":"error","type":["string","boolean"],"enum":["none","information","warning","error",true,false]},"reportAssertTypeFailure":{"description":"Diagnostics for a type incompatibility detected by a typing.assert_type call.","default":"error","type":["string","boolean"],"enum":["none","information","warning","error",true,false]},"reportAssignmentType":{"description":"Diagnostics for type incompatibilities for assignments.","default":"error","type":["string","boolean"],"enum":["none","information","warning","error",true,false]},"reportAttributeAccessIssue":{"description":"Diagnostics for issues involving attribute accesses.","default":"error","type":["string","boolean"],"enum":["none","information","warning","error",true,false]},"reportCallIssue":{"description":"Diagnostics for issues involving call expressions and arguments.","default":"error","type":["string","boolean"],"enum":["none","information","warning","error",true,false]},"reportInconsistentOverload":{"description":"Diagnostics for inconsistencies between function overload signatures and implementation.","default":"error","type":["string","boolean"],"enum":["none","information","warning","error",true,false]},"reportPrivateImportUsage":{"description":"Diagnostics for incorrect usage of symbol imported from a \"py.typed\" module that is not re-exported from that module.","default":"error","type":["string","boolean"],"enum":["none","information","warning","error",true,false]},"reportIndexIssue":{"description":"Diagnostics related to index operations and expressions.","default":"error","type":["string","boolean"],"enum":["none","information","warning","error",true,false]},"reportConstantRedefinition":{"description":"Diagnostics for attempts to redefine variables whose names are all-caps with underscores and numerals.","default":"none","type":["string","boolean"],"enum":["none","information","warning","error",true,false]},"reportInvalidTypeArguments":{"description":"Diagnostics for invalid type argument usage.","default":"error","type":["string","boolean"],"enum":["none","information","warning","error",true,false]},"reportDeprecated":{"description":"Diagnostics for use of deprecated classes or functions.","default":"none","type":["string","boolean"],"enum":["none","information","warning","error",true,false]},"reportNoOverloadImplementation":{"description":"Diagnostics for an overloaded function or method with a missing implementation.","default":"error","type":["string","boolean"],"enum":["none","information","warning","error",true,false]},"reportIncompatibleMethodOverride":{"description":"Diagnostics for methods that override a method of the same name in a base class in an incompatible manner (wrong number of parameters, incompatible parameter types, or incompatible return type).","default":"error","type":["string","boolean"],"enum":["none","information","warning","error",true,false]},"reportOperatorIssue":{"description":"Diagnostics for related to unary or binary operators.","default":"error","type":["string","boolean"],"enum":["none","information","warning","error",true,false]},"reportIncompatibleVariableOverride":{"description":"Diagnostics for overrides in subclasses that redefine a variable in an incompatible way.","default":"error","type":["string","boolean"],"enum":["none","information","warning","error",true,false]},"reportOptionalSubscript":{"description":"Diagnostics for an attempt to subscript (index) a variable with an Optional type.","default":"error","type":["string","boolean"],"enum":["none","information","warning","error",true,false]},"reportInconsistentConstructor":{"description":"Diagnostics for __init__ and __new__ methods whose signatures are inconsistent.","default":"none","type":["string","boolean"],"enum":["none","information","warning","error",true,false]},"reportOptionalMemberAccess":{"description":"Diagnostics for an attempt to access a member of a variable with an Optional type.","default":"error","type":["string","boolean"],"enum":["none","information","warning","error",true,false]},"reportOverlappingOverload":{"description":"Diagnostics for function overloads that overlap in signature and obscure each other or have incompatible return types.","default":"error","type":["string","boolean"],"enum":["none","information","warning","error",true,false]},"reportOptionalCall":{"description":"Diagnostics for an attempt to call a variable with an Optional type.","default":"error","type":["string","boolean"],"enum":["none","information","warning","error",true,false]},"reportPossiblyUnboundVariable":{"description":"Diagnostics for the use of variables that may be unbound on some code paths.","default":"error","type":["string","boolean"],"enum":["none","information","warning","error",true,false]},"reportOptionalIterable":{"description":"Diagnostics for an attempt to use an Optional type as an iterable value (e.g. within a for statement).","default":"error","type":["string","boolean"],"enum":["none","information","warning","error",true,false]},"reportMissingSuperCall":{"description":"Diagnostics for missing call to parent class for inherited `__init__` methods.","default":"none","type":["string","boolean"],"enum":["none","information","warning","error",true,false]},"reportOptionalContextManager":{"description":"Diagnostics for an attempt to use an Optional type as a context manager (as a parameter to a with statement).","default":"error","type":["string","boolean"],"enum":["none","information","warning","error",true,false]},"reportUninitializedInstanceVariable":{"description":"Diagnostics for instance variables that are not declared or initialized within class body or `__init__` method.","default":"none","type":["string","boolean"],"enum":["none","information","warning","error",true,false]},"reportOptionalOperand":{"description":"Diagnostics for an attempt to use an Optional type as an operand to a binary or unary operator (like '+', '==', 'or', 'not').","default":"error","type":["string","boolean"],"enum":["none","information","warning","error",true,false]},"reportInvalidStringEscapeSequence":{"description":"Diagnostics for invalid escape sequences used within string literals. The Python specification indicates that such sequences will generate a syntax error in future versions.","default":"warning","type":["string","boolean"],"enum":["none","information","warning","error",true,false]},"reportRedeclaration":{"description":"Diagnostics for an attempt to declare the type of a symbol multiple times.","default":"error","type":["string","boolean"],"enum":["none","information","warning","error",true,false]},"reportUnknownParameterType":{"description":"Diagnostics for input or return parameters for functions or methods that have an unknown type.","default":"none","type":["string","boolean"],"enum":["none","information","warning","error",true,false]},"reportReturnType":{"description":"Diagnostics related to function return type compatibility.","default":"error","type":["string","boolean"],"enum":["none","information","warning","error",true,false]},"reportUnknownArgumentType":{"description":"Diagnostics for call arguments for functions or methods that have an unknown type.","default":"none","type":["string","boolean"],"enum":["none","information","warning","error",true,false]},"reportTypedDictNotRequiredAccess":{"description":"Diagnostics for an attempt to access a non-required key within a TypedDict without a check for its presence.","default":"error","type":["string","boolean"],"enum":["none","information","warning","error",true,false]},"reportUnknownLambdaType":{"description":"Diagnostics for input or return parameters for lambdas that have an unknown type.","default":"none","type":["string","boolean"],"enum":["none","information","warning","error",true,false]},"reportUntypedFunctionDecorator":{"description":"Diagnostics for function decorators that have no type annotations. These obscure the function type, defeating many type analysis features.","default":"none","type":["string","boolean"],"enum":["none","information","warning","error",true,false]},"reportUnknownVariableType":{"description":"Diagnostics for variables that have an unknown type..","default":"none","type":["string","boolean"],"enum":["none","information","warning","error",true,false]},"reportUntypedClassDecorator":{"description":"Diagnostics for class decorators that have no type annotations. These obscure the class type, defeating many type analysis features.","default":"none","type":["string","boolean"],"enum":["none","information","warning","error",true,false]},"reportUnknownMemberType":{"description":"Diagnostics for class or instance variables that have an unknown type.","default":"none","type":["string","boolean"],"enum":["none","information","warning","error",true,false]},"reportUntypedBaseClass":{"description":"Diagnostics for base classes whose type cannot be determined statically. These obscure the class type, defeating many type analysis features.","default":"none","type":["string","boolean"],"enum":["none","information","warning","error",true,false]},"reportUntypedNamedTuple":{"description":"Diagnostics when “namedtuple” is used rather than “NamedTuple”. The former contains no type information, whereas the latter does.","default":"none","type":["string","boolean"],"enum":["none","information","warning","error",true,false]},"reportPrivateUsage":{"description":"Diagnostics for incorrect usage of private or protected variables or functions. Protected class members begin with a single underscore _ and can be accessed only by subclasses. Private class members begin with a double underscore but do not end in a double underscore and can be accessed only within the declaring class. Variables and functions declared outside of a class are considered private if their names start with either a single or double underscore, and they cannot be accessed outside of the declaring module.","default":"none","type":["string","boolean"],"enum":["none","information","warning","error",true,false]},"reportTypeCommentUsage":{"description":"Diagnostics for usage of deprecated type comments.","default":"none","type":["string","boolean"],"enum":["none","information","warning","error",true,false]},"reportMissingParameterType":{"description":"Diagnostics for parameters that are missing a type annotation.","default":"none","type":["string","boolean"],"enum":["none","information","warning","error",true,false]},"reportMissingTypeArgument":{"description":"Diagnostics for generic class reference with missing type arguments.","default":"none","type":["string","boolean"],"enum":["none","information","warning","error",true,false]},"reportInvalidTypeVarUse":{"description":"Diagnostics for improper use of type variables in a function signature.","default":"warning","type":["string","boolean"],"enum":["none","information","warning","error",true,false]},"reportCallInDefaultInitializer":{"description":"Diagnostics for function calls within a default value initialization expression. Such calls can mask expensive operations that are performed at module initialization time.","default":"none","type":["string","boolean"],"enum":["none","information","warning","error",true,false]},"reportUnnecessaryIsInstance":{"description":"Diagnostics for 'isinstance' or 'issubclass' calls where the result is statically determined to be always true. Such calls are often indicative of a programming error.","default":"none","type":["string","boolean"],"enum":["none","information","warning","error",true,false]},"reportUnnecessaryCast":{"description":"Diagnostics for 'cast' calls that are statically determined to be unnecessary. Such calls are sometimes indicative of a programming error.","default":"none","type":["string","boolean"],"enum":["none","information","warning","error",true,false]},"reportUnnecessaryComparison":{"description":"Diagnostics for '==' and '!=' comparisons that are statically determined to be unnecessary. Such calls are sometimes indicative of a programming error.","default":"none","type":["string","boolean"],"enum":["none","information","warning","error",true,false]},"reportUnnecessaryContains":{"description":"Diagnostics for 'in' operation that is statically determined to be unnecessary. Such operations are sometimes indicative of a programming error.","default":"none","type":["string","boolean"],"enum":["none","information","warning","error",true,false]},"reportAssertAlwaysTrue":{"description":"Diagnostics for 'assert' statement that will provably always assert. This can be indicative of a programming error.","default":"warning","type":["string","boolean"],"enum":["none","information","warning","error",true,false]},"reportSelfClsParameterName":{"description":"Diagnostics for a missing or misnamed “self” parameter in instance methods and “cls” parameter in class methods. Instance methods in metaclasses (classes that derive from “type”) are allowed to use “cls” for instance methods.","default":"warning","type":["string","boolean"],"enum":["none","information","warning","error",true,false]},"reportImplicitStringConcatenation":{"description":"Diagnostics for two or more string literals that follow each other, indicating an implicit concatenation. This is considered a bad practice and often masks bugs such as missing commas.","default":"none","type":["string","boolean"],"enum":["none","information","warning","error",true,false]},"reportInvalidStubStatement":{"description":"Diagnostics for type stub statements that do not conform to PEP 484.","default":"none","type":["string","boolean"],"enum":["none","information","warning","error",true,false]},"reportIncompleteStub":{"description":"Diagnostics for the use of a module-level “__getattr__” function, indicating that the stub is incomplete.","default":"none","type":["string","boolean"],"enum":["none","information","warning","error",true,false]},"reportGeneralTypeIssues":{"description":"Diagnostics for general type inconsistencies, unsupported operations, argument\/parameter mismatches, etc. Covers all of the basic type-checking rules not covered by other rules. Does not include syntax errors.","default":"error","type":["string","boolean"],"enum":["none","information","warning","error",true,false]},"reportUndefinedVariable":{"description":"Diagnostics for undefined variables.","default":"error","type":["string","boolean"],"enum":["none","information","warning","error",true,false]},"reportPropertyTypeMismatch":{"description":"Diagnostics for property whose setter and getter have mismatched types.","default":"none","type":["string","boolean"],"enum":["none","information","warning","error",true,false]},"reportUnboundVariable":{"description":"Diagnostics for the use of unbound variables.","default":"error","type":["string","boolean"],"enum":["none","information","warning","error",true,false]},"reportFunctionMemberAccess":{"description":"Diagnostics for member accesses on functions.","default":"error","type":["string","boolean"],"enum":["none","information","warning","error",true,false]},"reportUnhashable":{"description":"Diagnostics for the use of an unhashable object in a container that requires hashability.","default":"error","type":["string","boolean"],"enum":["none","information","warning","error",true,false]},"reportMissingImports":{"description":"Diagnostics for imports that have no corresponding imported python file or type stub file.","default":"error","type":["string","boolean"],"enum":["none","information","warning","error",true,false]},"reportUnsupportedDunderAll":{"description":"Diagnostics for unsupported operations performed on __all__.","default":"warning","type":["string","boolean"],"enum":["none","information","warning","error",true,false]},"reportMissingModuleSource":{"description":"Diagnostics for imports that have no corresponding source file. This happens when a type stub is found, but the module source file was not found, indicating that the code may fail at runtime when using this execution environment. Type checking will be done using the type stub.","default":"warning","type":["string","boolean"],"enum":["none","information","warning","error",true,false]},"reportUnusedCallResult":{"description":"Diagnostics for call expressions whose results are not consumed and are not None.","default":"none","type":["string","boolean"],"enum":["none","information","warning","error",true,false]}}},"python.analysis.useLibraryCodeForTypes":{"default":true,"scope":"resource","type":"boolean","description":"Use library implementations to extract type information when type stub is not present."},"pyright.disableLanguageServices":{"default":false,"scope":"resource","type":"boolean","description":"Disables type completion, definitions, and references."},"pyright.disableTaggedHints":{"default":false,"scope":"resource","type":"boolean","description":"Disable hint diagnostics with special hints for grayed-out or strike-through text."},"pyright.disableOrganizeImports":{"default":false,"scope":"resource","type":"boolean","description":"Disables the “Organize Imports” command."},"python.pythonPath":{"default":"python","scope":"resource","type":"string","description":"Path to Python, you can use a custom version of Python."},"python.venvPath":{"default":"","scope":"resource","type":"string","description":"Path to folder with a list of Virtual Environments."}},"type":"object","title":"Pyright"}