{"order":20,"id":"json","properties":{"json.format.keepLines":{"type":"boolean","description":"%json.format.keepLines.desc%","scope":"window","default":false},"json.schemaDownload.enable":{"type":"boolean","tags":["usesOnlineServices"],"default":true,"description":"%json.enableSchemaDownload.desc%"},"json.trace.server":{"description":"%json.tracing.desc%","type":"string","enum":["off","messages","verbose"],"default":"off","scope":"window"},"json.maxItemsComputed":{"type":"number","default":5000,"description":"%json.maxItemsComputed.desc%"},"json.validate.enable":{"type":"boolean","description":"%json.validate.enable.desc%","scope":"window","default":true},"json.colorDecorators.enable":{"deprecationMessage":"%json.colorDecorators.enable.deprecationMessage%","type":"boolean","default":true,"scope":"window","description":"%json.colorDecorators.enable.desc%"},"json.format.enable":{"type":"boolean","description":"%json.format.enable.desc%","scope":"window","default":true},"json.schemas":{"type":"array","description":"%json.schemas.desc%","scope":"resource","items":{"type":"object","default":{"url":"schemaURL","fileMatch":["\/myfile"]},"properties":{"url":{"type":"string","default":"\/user.schema.json","description":"%json.schemas.url.desc%"},"schema":{"description":"%json.schemas.schema.desc%","$ref":"http:\/\/json-schema.org\/draft-07\/schema#"},"fileMatch":{"type":"array","description":"%json.schemas.fileMatch.desc%","minItems":1,"items":{"type":"string","default":"MyFile.json","description":"%json.schemas.fileMatch.item.desc%"}}}}}},"type":"object","title":"JSON"}