{"order":20,"title":"HTML","id":"html","properties":{"html.format.wrapAttributesIndentSize":{"default":null,"scope":"resource","type":["number","null"],"markdownDescription":"%html.format.wrapAttributesIndentSize.desc%"},"html.format.templating":{"default":false,"scope":"resource","type":"boolean","description":"%html.format.templating.desc%"},"html.format.unformattedContentDelimiter":{"default":"","scope":"resource","type":"string","markdownDescription":"%html.format.unformattedContentDelimiter.desc%"},"html.suggest.html5":{"default":true,"scope":"resource","type":"boolean","description":"%html.suggest.html5.desc%"},"html.format.indentInnerHtml":{"default":false,"scope":"resource","type":"boolean","markdownDescription":"%html.format.indentInnerHtml.desc%"},"html.format.preserveNewLines":{"default":true,"scope":"resource","type":"boolean","description":"%html.format.preserveNewLines.desc%"},"html.format.maxPreserveNewLines":{"default":null,"scope":"resource","type":["number","null"],"markdownDescription":"%html.format.maxPreserveNewLines.desc%"},"html.format.indentHandlebars":{"default":false,"scope":"resource","type":"boolean","markdownDescription":"%html.format.indentHandlebars.desc%"},"html.format.extraLiners":{"default":"head, body, \/html","scope":"resource","type":["string","null"],"markdownDescription":"%html.format.extraLiners.desc%"},"html.completion.attributeDefaultValue":{"default":"doublequotes","enum":["doublequotes","singlequotes","empty"],"type":"string","enumDescriptions":["%html.completion.attributeDefaultValue.doublequotes%","%html.completion.attributeDefaultValue.singlequotes%","%html.completion.attributeDefaultValue.empty%"],"scope":"resource","markdownDescription":"%html.completion.attributeDefaultValue%"},"html.format.wrapAttributes":{"default":"auto","enum":["auto","force","force-aligned","force-expand-multiline","aligned-multiple","preserve","preserve-aligned"],"type":"string","enumDescriptions":["%html.format.wrapAttributes.auto%","%html.format.wrapAttributes.force%","%html.format.wrapAttributes.forcealign%","%html.format.wrapAttributes.forcemultiline%","%html.format.wrapAttributes.alignedmultiple%","%html.format.wrapAttributes.preserve%","%html.format.wrapAttributes.preservealigned%"],"scope":"resource","description":"%html.format.wrapAttributes.desc%"},"html.trace.server":{"default":"off","enum":["off","messages","verbose"],"type":"string","scope":"window","description":"%html.trace.server.desc%"},"html.validate.styles":{"default":true,"scope":"resource","type":"boolean","description":"%html.validate.styles%"},"html.format.unformatted":{"default":"wbr","scope":"resource","type":["string","null"],"markdownDescription":"%html.format.unformatted.desc%"},"html.autoCreateQuotes":{"default":true,"scope":"resource","type":"boolean","markdownDescription":"%html.autoCreateQuotes%"},"html.validate.scripts":{"default":true,"scope":"resource","type":"boolean","description":"%html.validate.scripts%"},"html.autoClosingTags":{"default":true,"scope":"resource","type":"boolean","description":"%html.autoClosingTags%"},"html.customData":{"default":[],"type":"array","scope":"resource","items":{"type":"string"},"markdownDescription":"%html.customData.desc%"},"html.hover.documentation":{"default":true,"scope":"resource","type":"boolean","description":"%html.hover.documentation%"},"html.format.enable":{"default":true,"scope":"window","type":"boolean","description":"%html.format.enable.desc%"},"html.hover.references":{"default":true,"scope":"resource","type":"boolean","description":"%html.hover.references%"},"html.format.wrapLineLength":{"default":120,"scope":"resource","type":"integer","description":"%html.format.wrapLineLength.desc%"},"html.mirrorCursorOnMatchingTag":{"default":false,"type":"boolean","scope":"resource","deprecationMessage":"%html.mirrorCursorOnMatchingTagDeprecationMessage%","description":"%html.mirrorCursorOnMatchingTag%"},"html.format.contentUnformatted":{"default":"pre,code,textarea","scope":"resource","type":["string","null"],"markdownDescription":"%html.format.contentUnformatted.desc%"}},"type":"object"}